[
  {
    "id": 1,
    "name": "Mouse Gamer Sem Fio Corsair Katar PRO Wireless, RGB, 10000DPI, 6 Botões, Preto",
    "priceOriginal": "374.99",
    "pricePromo": "199.99",
    "brand": "Corsair",
    "model": "CH-931C011-NA",
    "dpi": "200 - 10.000 DPI",
    "sensor": "Óptico",
    "lighting": "LED RGB",
    "connectivity": "Bluetooth 4.2 + LE - Pilha AA",
    "imgMain": "https://images0.kabum.com.br/produtos/fotos/131190/mouse-gamer-corsair-katar-pro-wireless-rgb-6-botoes-10000dpi-preto-ch-931c011-na_1605117656_g.jpg",
    "thumbnails": [
      "https://images0.kabum.com.br/produtos/fotos/131190/mouse-gamer-corsair-katar-pro-wireless-rgb-6-botoes-10000dpi-preto-ch-931c011-na_1605117656_g.jpg",
      "https://images0.kabum.com.br/produtos/fotos/131190/mouse-gamer-corsair-katar-pro-wireless-rgb-6-botoes-10000dpi-preto-ch-931c011-na_1605117663_g.jpg",
      "https://images0.kabum.com.br/produtos/fotos/131190/mouse-gamer-corsair-katar-pro-wireless-rgb-6-botoes-10000dpi-preto-ch-931c011-na_1605117653_g.jpg",
      "https://images0.kabum.com.br/produtos/fotos/131190/mouse-gamer-corsair-katar-pro-wireless-rgb-6-botoes-10000dpi-preto-ch-931c011-na_1605117659_g.jpg"
    ]
  },
  {
    "id": 2,
    "name": "Mouse Gamer Sem Fio Logitech G PRO Wireless LIGHTSPEED, RGB LIGHTSYNC, 16000 DPI, Ambidestro, 6 Botões, HERO 25K, Preto",
    "priceOriginal": "999.99",
    "pricePromo": "584.99",
    "brand": "Logitech",
    "model": "910-005271",
    "dpi": "16000 DPI",
    "sensor": "Óptico",
    "lighting": "LED RGB",
    "connectivity": "Wireless",
    "imgMain": "https://images3.kabum.com.br/produtos/fotos/107333/mouse-gamer-sem-fio-logitech-g-pro-wireless-lightspeed-rgb-lightsync-ambidestro-6-botoes-programaveis-hero-25k-910-005271_1644501564_g.jpg",
    "thumbnails": [
      "https://images3.kabum.com.br/produtos/fotos/107333/mouse-gamer-sem-fio-logitech-g-pro-wireless-lightspeed-rgb-lightsync-ambidestro-6-botoes-programaveis-hero-25k-910-005271_1644501564_g.jpg",
      "https://images3.kabum.com.br/produtos/fotos/107333/mouse-sem-fio-gamer-logitech-g-pro-hero-16k-lightspeed-recarregavel-rgb-lightsync-8-botoes-16000dpi-910-005271_1572294686_g.jpg"
    ]
  },
  {
    "id": 3,
    "name": "Mouse Gamer Sem Fio Logitech G305 LIGHTSPEED com 6 Botões Programáveis e Até 12.000 DPI, Azul",
    "priceOriginal": "358.68",
    "pricePromo": "266.99",
    "brand": "Logitech",
    "model": "910-006013",
    "dpi": "12000",
    "sensor": "Óptico",
    "lighting": "N/A",
    "connectivity": "Wireless",
    "imgMain": "https://images6.kabum.com.br/produtos/fotos/120486/mouse-gamer-sem-fio-logitech-g305-lightspeed-6-botoes-12000-dpi-azul-910-006013_1613070381_g.jpg",
    "thumbnails": [
      "https://images6.kabum.com.br/produtos/fotos/120486/mouse-gamer-sem-fio-logitech-g305-lightspeed-6-botoes-12000-dpi-azul-910-006013_1613070381_g.jpg",
      "https://images6.kabum.com.br/produtos/fotos/120486/mouse-gamer-sem-fio-logitech-g305-lightspeed-6-botoes-12000-dpi-azul-910-006013_1613070383_g.jpg",
      "https://images6.kabum.com.br/produtos/fotos/120486/mouse-gamer-sem-fio-logitech-g305-lightspeed-6-botoes-12000-dpi-azul-910-006013_1613070386_p.jpg",
      "https://images6.kabum.com.br/produtos/fotos/120486/mouse-gamer-sem-fio-logitech-g305-lightspeed-6-botoes-12000-dpi-azul-910-006013_1613070385_g.jpg"
    ]
  },
  {
    "id": 4,
    "name": "Mouse Gamer sem fio Logitech G309 LIGHTSPEED com Switches LIGHTFORCE, Sensor HERO 25K, 6 botões programáveis, Branco",
    "priceOriginal": "529.40",
    "pricePromo": "399.99",
    "brand": "Logitech",
    "model": "910-007206",
    "dpi": "25.600",
    "sensor": "Óptico",
    "lighting": "N/A",
    "connectivity": "Wireless",
    "imgMain": "https://images1.kabum.com.br/produtos/fotos/632651/mouse-gamer-sem-fio-logitech-g309-lightspeed-com-switches-lightforce-sensor-hero-25k-6-botoes-programaveis-branco-910-007206_1725913988_g.jpg",
    "thumbnails": [
      "https://images1.kabum.com.br/produtos/fotos/632651/mouse-gamer-sem-fio-logitech-g309-lightspeed-com-switches-lightforce-sensor-hero-25k-6-botoes-programaveis-branco-910-007206_1725913988_g.jpg",
      "https://images1.kabum.com.br/produtos/fotos/632651/mouse-gamer-sem-fio-logitech-g309-lightspeed-com-switches-lightforce-sensor-hero-25k-6-botoes-programaveis-branco-910-007206_1725913989_g.jpg",
      "https://images1.kabum.com.br/produtos/fotos/632651/mouse-gamer-sem-fio-logitech-g309-lightspeed-com-switches-lightforce-sensor-hero-25k-6-botoes-programaveis-branco-910-007206_1725913994_g.jpg"
    ]
  },
  {
    "id": 5,
    "name": "Mouse Gamer Sem Fio Logitech G502 X Lightspeed, 25600 DPI, 13 Botões, Switch, Branco",
    "priceOriginal": "823.52",
    "pricePromo": "679.99",
    "brand": "Logitech",
    "model": "910-006188",
    "dpi": "25.600",
    "sensor": "Óptico",
    "lighting": "N/A",
    "connectivity": "Wireless",
    "imgMain": "https://images7.kabum.com.br/produtos/fotos/388057/mouse-gamer-sem-fio-logitech-g502-x-lightspeed-25600-dpi-13-botoes-switch-branco-910-006188_1665069025_g.jpg",
    "thumbnails": [
      "https://images7.kabum.com.br/produtos/fotos/388057/mouse-gamer-sem-fio-logitech-g502-x-lightspeed-25600-dpi-13-botoes-switch-branco-910-006188_1665069025_g.jpg",
      "https://images7.kabum.com.br/produtos/fotos/388057/mouse-gamer-sem-fio-logitech-g502-x-lightspeed-25600-dpi-13-botoes-switch-branco-910-006188_1665069030_g.jpg",
      "https://images7.kabum.com.br/produtos/fotos/388057/mouse-gamer-sem-fio-logitech-g502-x-lightspeed-25600-dpi-13-botoes-switch-branco-910-006188_1665069028_g.jpghttps://images7.kabum.com.br/produtos/fotos/388057/mouse-gamer-sem-fio-logitech-g502-x-lightspeed-25600-dpi-13-botoes-switch-branco-910-006188_1665069028_g.jpg"
    ]
  },
  {
    "id": 6,
    "name": "Mouse Gamer Redragon Predator, Chroma RGB, 8000DPI, 9 Botões, Preto",
    "priceOriginal": "180.00",
    "pricePromo": "119.99",
    "brand": "Redragon",
    "model": "M612",
    "dpi": "8000",
    "sensor": "Óptico",
    "lighting": "LED RGB",
    "connectivity": "Com Fio",
    "imgMain": "https://images2.kabum.com.br/produtos/fotos/133482/mouse-gamer-redragon-predator-rgb-m612_1608738736_g.jpg",
    "thumbnails": [
      "https://images2.kabum.com.br/produtos/fotos/133482/mouse-gamer-redragon-predator-rgb-m612_1608738736_g.jpg",
      "https://images2.kabum.com.br/produtos/fotos/133482/mouse-gamer-redragon-predator-rgb-m612_1608738735_g.jpg",
      "https://images2.kabum.com.br/produtos/fotos/133482/mouse-gamer-redragon-predator-rgb-m612_1608738734_g.jpg",
      "https://images2.kabum.com.br/produtos/fotos/133482/mouse-gamer-redragon-predator-rgb-m612_1608738737_g.jpg"
    ]
  },
  {
    "id": 7,
    "name": "Mouse Gamer Redragon Cobra, Chroma RGB, 10000DPI, 7 Botões, Preto",
    "priceOriginal": "199.99",
    "pricePromo": "129.99",
    "brand": "Redragon",
    "model": "M711 V2",
    "dpi": "10.000",
    "sensor": "Óptico",
    "lighting": "LED RGB",
    "connectivity": "Com Fio",
    "imgMain": "https://images5.kabum.com.br/produtos/fotos/94555/mouse-gamer-redragon-cobra-chroma-rgb-10000dpi-7-botoes-preto-m711-v2_1742821619_g.jpg",
    "thumbnails": [
      "https://images5.kabum.com.br/produtos/fotos/94555/mouse-gamer-redragon-cobra-chroma-rgb-10000dpi-7-botoes-preto-m711-v2_1742821619_g.jpg",
      "https://images5.kabum.com.br/produtos/fotos/94555/mouse-gamer-redragon-cobra-chroma-rgb-10000dpi-7-botoes-preto-m711-v2_1742821620_g.jpg",
      "https://images5.kabum.com.br/produtos/fotos/94555/mouse-gamer-redragon-cobra-chroma-rgb-10000dpi-7-botoes-preto-m711-v2_1742821621_g.jpg",
      "https://images5.kabum.com.br/produtos/fotos/94555/mouse-gamer-redragon-cobra-chroma-rgb-10000dpi-7-botoes-preto-m711-v2_1742821622_g.jpg"
    ]
  },
  {
    "id": 8,
    "name": "Mouse Gamer Eco Trust GXT 922 Ybar, RGB, 7200DPI, 6 Botões, Preto",
    "priceOriginal": "105.87",
    "pricePromo": "69.99",
    "brand": "Trust",
    "model": "24729",
    "dpi": "7200",
    "sensor": "Óptico",
    "lighting": "LED RGB",
    "connectivity": "Com FIo",
    "imgMain": "https://images3.kabum.com.br/produtos/fotos/467893/mouse-gamer-eco-trust-gxt-922-ybar-rgb-7200dpi-6-botoes-preto-24729_1709652763_g.jpg",
    "thumbnails": [
      "https://images3.kabum.com.br/produtos/fotos/467893/mouse-gamer-eco-trust-gxt-922-ybar-rgb-7200dpi-6-botoes-preto-24729_1709652763_g.jpg",
      "https://images3.kabum.com.br/produtos/fotos/467893/mouse-gamer-eco-trust-gxt-922-ybar-rgb-7200dpi-6-botoes-preto-24729_1709652765_g.jpg",
      "https://images3.kabum.com.br/produtos/fotos/467893/mouse-gamer-eco-trust-gxt-922-ybar-rgb-7200dpi-6-botoes-preto-24729_1709652764_g.jpg",
      "https://images3.kabum.com.br/produtos/fotos/467893/mouse-gamer-eco-trust-gxt-922-ybar-rgb-7200dpi-6-botoes-preto-24729_1709652766_g.jpg"
    ]
  },
  {
    "id": 9,
    "name": "Mouse Gamer Sem Fio Logitech G PRO 2 com Lightspeed, RGB Lightsync, Ambidestro, 4 Botões Programáveis, DPI de 32K, Rosa Magenta",
    "priceOriginal": "777.77",
    "pricePromo": "639.99",
    "brand": "Logitech",
    "model": "910-007308",
    "dpi": "32.000",
    "sensor": "Óptico",
    "lighting": "N/A",
    "connectivity": "Wireless",
    "imgMain": "https://images5.kabum.com.br/produtos/fotos/652885/mouse-gamer-sem-fio-logitech-g-pro-2-com-lightspeed-rgb-lightsync-ambidestro-4-botoes-programaveis-dpi-de-32k-rosa-magenta-910-007308_1731094947_g.jpg",
    "thumbnails": [
      "https://images5.kabum.com.br/produtos/fotos/652885/mouse-gamer-sem-fio-logitech-g-pro-2-com-lightspeed-rgb-lightsync-ambidestro-4-botoes-programaveis-dpi-de-32k-rosa-magenta-910-007308_1731094947_g.jpg"
    ]
  },
  {
    "id": 10,
    "name": "Mouse Gamer Sem Fio Redragon Storm Pro, RGB, 16000 DPI, 8 Botões, Wireless, Preto",
    "priceOriginal": "250.00",
    "pricePromo": "199.99",
    "brand": "Redragon",
    "model": "M808-KS",
    "dpi": "16.000",
    "sensor": "Óptico",
    "lighting": "LED RGB",
    "connectivity": "Wireless",
    "imgMain": "https://images8.kabum.com.br/produtos/fotos/523248/mouse-gamer-sem-fio-redragon-storm-pro-rgb-16000-dpi-8-botoes-wireless-preto-m808-ks_1717675137_g.jpg",
    "thumbnails": [
      "https://images8.kabum.com.br/produtos/fotos/523248/mouse-gamer-sem-fio-redragon-storm-pro-rgb-16000-dpi-8-botoes-wireless-preto-m808-ks_1717675137_g.jpg",
      "https://images8.kabum.com.br/produtos/fotos/523248/mouse-gamer-sem-fio-redragon-storm-pro-rgb-16000-dpi-8-botoes-wireless-preto-m808-ks_1717675139_g.jpg",
      "https://images8.kabum.com.br/produtos/fotos/523248/mouse-gamer-sem-fio-redragon-storm-pro-rgb-16000-dpi-8-botoes-wireless-preto-m808-ks_1717675138_g.jpg",
      "https://images8.kabum.com.br/produtos/fotos/523248/mouse-gamer-sem-fio-redragon-storm-pro-rgb-16000-dpi-8-botoes-wireless-preto-m808-ks_1717675140_g.jpg"
    ]
  },
  {
    "id": 11,
    "name": "Mouse Gamer Redragon Cobra, Chroma RGB, 10000DPI, 7 Botões, Lunar White",
    "priceOriginal": "164.99",
    "pricePromo": "105.99",
    "brand": "Redragon",
    "model": "M711W",
    "dpi": "10.000",
    "sensor": "Óptico",
    "lighting": "LED RGB",
    "connectivity": "Com Fio",
    "imgMain": "https://images5.kabum.com.br/produtos/fotos/128205/mouse-gamer-redragon-cobra-rgb-7-botoes-10000dpi-lunar-white-m711w_1600284702_g.jpg",
    "thumbnails": [
      "https://images5.kabum.com.br/produtos/fotos/128205/mouse-gamer-redragon-cobra-rgb-7-botoes-10000dpi-lunar-white-m711w_1600284702_g.jpg",
      "https://images5.kabum.com.br/produtos/fotos/128205/mouse-gamer-redragon-cobra-rgb-7-botoes-10000dpi-lunar-white-m711w_1600284703_g.jpg",
      "https://images5.kabum.com.br/produtos/fotos/128205/mouse-gamer-redragon-cobra-rgb-7-botoes-10000dpi-lunar-white-m711w_1600284704_g.jpg",
      "https://images5.kabum.com.br/produtos/fotos/128205/mouse-gamer-redragon-cobra-rgb-7-botoes-10000dpi-lunar-white-m711w_1600284701_g.jpg"
    ]
  },
  {
    "id": 12,
    "name": "Mouse Gamer Machenike M7 Pro, Com fio, 12800 DPI, 6 botões, Branco",
    "priceOriginal": "101.16",
    "pricePromo": "79.99",
    "brand": "Machenike",
    "model": "MAC-M7PW-WW",
    "dpi": "12.800",
    "sensor": "Óptico",
    "lighting": "LED",
    "connectivity": "Com Fio",
    "imgMain": "https://images8.kabum.com.br/produtos/fotos/499328/mouse-gamer-machenike-m7-pro-com-fio-12800-dpi-6-botoes-branco-mac-m7pw-ww_1725910707_g.jpg",
    "thumbnails": [
      "https://images8.kabum.com.br/produtos/fotos/499328/mouse-gamer-machenike-m7-pro-com-fio-12800-dpi-6-botoes-branco-mac-m7pw-ww_1725910707_g.jpg",
      "https://images8.kabum.com.br/produtos/fotos/499328/mouse-gamer-machenike-m7-pro-com-fio-12800-dpi-6-botoes-branco-mac-m7pw-ww_1725910705_g.jpg",
      "https://images8.kabum.com.br/produtos/fotos/499328/mouse-gamer-machenike-m7-pro-com-fio-12800-dpi-6-botoes-branco-mac-m7pw-ww_1725910708_g.jpg",
      "https://images8.kabum.com.br/produtos/fotos/499328/mouse-gamer-machenike-m7-pro-com-fio-12800-dpi-6-botoes-branco-mac-m7pw-ww_1725910704_g.jpg"
    ]
  },
  {
    "id": 13,
    "name": "Mouse Gamer HyperX Pulsefire Core RGB 6200 DPI",
    "priceOriginal": "182.34",
    "pricePromo": "109.99",
    "brand": "HyperX",
    "model": "4P4F8AA",
    "dpi": "6200",
    "sensor": "Óptico",
    "lighting": "LED RGB",
    "connectivity": "Com Fio",
    "imgMain": "https://images6.kabum.com.br/produtos/fotos/98696/mouse-gamer-hyperx-pulsefire-core-hx-mc004b_mouse-gamer-hyperx-pulsefire-core-hx-mc004b_1539172781_g.jpg",
    "thumbnails": [
      "https://images6.kabum.com.br/produtos/fotos/98696/mouse-gamer-hyperx-pulsefire-core-hx-mc004b_mouse-gamer-hyperx-pulsefire-core-hx-mc004b_1539172781_g.jpg",
      "https://images6.kabum.com.br/produtos/fotos/98696/mouse-gamer-hyperx-pulsefire-core-hx-mc004b_mouse-gamer-hyperx-pulsefire-core-hx-mc004b_1539172784_g.jpg",
      "https://images6.kabum.com.br/produtos/fotos/98696/mouse-gamer-hyperx-pulsefire-core-hx-mc004b_mouse-gamer-hyperx-pulsefire-core-hx-mc004b_1539172779_g.jpg",
      "https://images6.kabum.com.br/produtos/fotos/98696/mouse-gamer-hyperx-pulsefire-core-hx-mc004b_1539172778_g.jpg"
    ]
  },
  {
    "id": 14,
    "name": "Mouse Gamer Machenike M7 Pro, Com fio, 12800 DPI, 6 botões, Preto",
    "priceOriginal": "152.93",
    "pricePromo": "75.99",
    "brand": "Machenike",
    "model": "M7 Pro",
    "dpi": "12.800",
    "sensor": "Óptico",
    "lighting": "LED RGB",
    "connectivity": "Com Fio",
    "imgMain": "https://images9.kabum.com.br/produtos/fotos/499329/mouse-gamer-machenike-m7-pro-com-fio-12800-dpi-6-botoes-preto-mac-m7pb-ww_1725910492_g.jpg",
    "thumbnails": [
      "https://images9.kabum.com.br/produtos/fotos/499329/mouse-gamer-machenike-m7-pro-com-fio-12800-dpi-6-botoes-preto-mac-m7pb-ww_1725910492_g.jpg",
      "https://images9.kabum.com.br/produtos/fotos/499329/mouse-gamer-machenike-m7-pro-com-fio-12800-dpi-6-botoes-preto-mac-m7pb-ww_1725910493_g.jpg",
      "https://images9.kabum.com.br/produtos/fotos/499329/mouse-gamer-machenike-m7-pro-com-fio-12800-dpi-6-botoes-preto-mac-m7pb-ww_1725910495_g.jpg",
      "https://images9.kabum.com.br/produtos/fotos/499329/mouse-gamer-machenike-m7-pro-com-fio-12800-dpi-6-botoes-preto-mac-m7pb-ww_1725910486_g.jpg"
    ]
  },
  {
    "id": 15,
    "name": "Mouse Gamer Rise Mode G1 Pro Black RGB, 12000 DPI, 8 Botões, Preto",
    "priceOriginal": "141.16",
    "pricePromo": "94.99",
    "brand": "Rise Mode",
    "model": "G1 Pro",
    "dpi": "12.000",
    "sensor": "Óptico",
    "lighting": "LED RGB",
    "connectivity": "Com Fio",
    "imgMain": "https://images3.kabum.com.br/produtos/fotos/498583/mouse-gamer-rise-mode-g1-pro-black-rgb-12000-dpi-8-botoes-preto-rm-mg-01-fb_1729601690_g.jpg",
    "thumbnails": [
      "https://images3.kabum.com.br/produtos/fotos/498583/mouse-gamer-rise-mode-g1-pro-black-rgb-12000-dpi-8-botoes-preto-rm-mg-01-fb_1729601690_g.jpg",
      "https://images3.kabum.com.br/produtos/fotos/498583/mouse-gamer-rise-mode-g1-pro-black-rgb-12000-dpi-8-botoes-preto-rm-mg-01-fb_1729601691_g.jpg",
      "https://images3.kabum.com.br/produtos/fotos/498583/mouse-gamer-rise-mode-g1-pro-black-rgb-12000-dpi-8-botoes-preto-rm-mg-01-fb_1729601692_g.jpg",
      "https://images3.kabum.com.br/produtos/fotos/498583/mouse-gamer-rise-mode-g1-pro-black-rgb-12000-dpi-8-botoes-preto-rm-mg-01-fb_1729601693_g.jpg"
    ]
  },
  {
    "id": 16,
    "name": "Mouse Gamer Trust GXT 900 Qudos, RGB, 7 Botões, 15000DPI",
    "priceOriginal": "151.15",
    "pricePromo": "119.99",
    "brand": "Trust",
    "model": "900 Qudos",
    "dpi": "15.000",
    "sensor": "Óptico",
    "lighting": "LED RGB",
    "connectivity": "Com Fio",
    "imgMain": "https://images5.kabum.com.br/produtos/fotos/115545/mouse-gamer-trust-gxt-900-qudos-rgb-7-botoes-15000dpi-23400_1596026589_g.jpg",
    "thumbnails": [
      "https://images5.kabum.com.br/produtos/fotos/115545/mouse-gamer-trust-gxt-900-qudos-rgb-7-botoes-15000dpi-23400_1596026589_g.jpg",
      "https://images5.kabum.com.br/produtos/fotos/115545/mouse-gamer-trust-gxt-900-qudos-rgb-7-botoes-15000dpi-23400_1596026587_g.jpg",
      "https://images5.kabum.com.br/produtos/fotos/115545/mouse-gamer-trust-gxt-900-qudos-rgb-7-botoes-15000dpi-23400_1596026588_g.jpg",
      "https://images5.kabum.com.br/produtos/fotos/115545/mouse-gamer-trust-gxt-900-qudos-rgb-7-botoes-15000dpi-23400_1596026586_g.jpg"
    ]
  },
  {
    "id": 17,
    "name": "Mouse Gamer Redragon Centrophorus 2 RGB, 7200DPI, 6 Botões, Preto",
    "priceOriginal": "132.93",
    "pricePromo": "89.99",
    "brand": "Redragon",
    "model": "M601-RGB",
    "dpi": "7.200",
    "sensor": "Óptico",
    "lighting": "LED RGB",
    "connectivity": "Com Fio",
    "imgMain": "https://images5.kabum.com.br/produtos/fotos/149645/mouse-gamer-redragon-centrophorus-rgb-7200dpi-6-botoes-preto-m601-rgb_1614200435_g.jpg",
    "thumbnails": [
      "https://images5.kabum.com.br/produtos/fotos/149645/mouse-gamer-redragon-centrophorus-rgb-7200dpi-6-botoes-preto-m601-rgb_1614200435_g.jpg",
      "https://images5.kabum.com.br/produtos/fotos/149645/mouse-gamer-redragon-centrophorus-rgb-7200dpi-6-botoes-preto-m601-rgb_1614200430_g.jpg",
      "https://images5.kabum.com.br/produtos/fotos/149645/mouse-gamer-redragon-centrophorus-rgb-7200dpi-6-botoes-preto-m601-rgb_1614200431_g.jpg",
      "https://images5.kabum.com.br/produtos/fotos/149645/mouse-gamer-redragon-centrophorus-rgb-7200dpi-6-botoes-preto-m601-rgb_1614200432_g.jpg"
    ]
  },
  {
    "id": 18,
    "name": "Mouse Gamer Razer Deathadder Essential, Com Fio, 6400 DPI, 5 Botões, Preto",
    "priceOriginal": "280.00",
    "pricePromo": "219.70",
    "brand": "Razer",
    "model": "Deathadder Essential",
    "dpi": "6.400",
    "sensor": "Óptico",
    "lighting": "LED RGB",
    "connectivity": "Com Fio",
    "imgMain": "https://images4.kabum.com.br/produtos/fotos/sync_mirakl/154304/large/Mouse-Gamer-Razer-Deathadder-Essential-Com-Fio-6400-DPI-5-Bot-es-Preto_1741815050.jpg",
    "thumbnails": [
      "https://images4.kabum.com.br/produtos/fotos/sync_mirakl/154304/large/Mouse-Gamer-Razer-Deathadder-Essential-Com-Fio-6400-DPI-5-Bot-es-Preto_1741815050.jpg",
      "https://images4.kabum.com.br/produtos/fotos/sync_mirakl/154304/large/Mouse-Gamer-Razer-Deathadder-Essential-Com-Fio-6400-DPI-5-Bot-es-Preto_1741815051.jpg",
      "https://images4.kabum.com.br/produtos/fotos/sync_mirakl/154304/large/Mouse-Gamer-Razer-Deathadder-Essential-Com-Fio-6400-DPI-5-Bot-es-Preto_1741815052.jpg",
      "https://images4.kabum.com.br/produtos/fotos/sync_mirakl/154304/large/Mouse-Gamer-Razer-Deathadder-Essential-Com-Fio-6400-DPI-5-Bot-es-Preto_1741815054.jpg"
    ]
  },
  {
    "id": 19,
    "name": "Mouse Gamer Corsair Harpoon Wireless, RGB, 6 Botões, 10000DPI, Preto",
    "priceOriginal": "543.17",
    "pricePromo": "299.99",
    "brand": "Corsair",
    "model": "CH-9311011-NA",
    "dpi": "10.000",
    "sensor": "Óptico",
    "lighting": "LED RGB",
    "connectivity": "Wireless",
    "imgMain": "https://images3.kabum.com.br/produtos/fotos/101143/101143_1553692485_index_g.jpg",
    "thumbnails": [
      "https://images3.kabum.com.br/produtos/fotos/101143/101143_1553692485_index_g.jpg",
      "https://images3.kabum.com.br/produtos/fotos/101143/mouse-sem-fio-gamer-corsair-harpoon-rgb-6-botoes-10000dpi-ch-9311011-na_mouse-sem-fio-gamer-corsair-harpoon-rgb-6-botoes-10000dpi-ch-9311011-na_1553692427_g.jpg",
      "https://images3.kabum.com.br/produtos/fotos/101143/mouse-sem-fio-gamer-corsair-harpoon-rgb-6-botoes-10000dpi-ch-9311011-na_mouse-sem-fio-gamer-corsair-harpoon-rgb-6-botoes-10000dpi-ch-9311011-na_1553692429_g.jpg",
      "https://images3.kabum.com.br/produtos/fotos/101143/mouse-sem-fio-gamer-corsair-harpoon-rgb-6-botoes-10000dpi-ch-9311011-na_mouse-sem-fio-gamer-corsair-harpoon-rgb-6-botoes-10000dpi-ch-9311011-na_1553692432_g.jpg"
    ]
  },
  {
    "id": 20,
    "name": "Mouse Gamer Husky Reaction, RGB, 12400 DPI, 7 Botões, Preto",
    "priceOriginal": "123.44",
    "pricePromo": "79.90",
    "brand": "Husky",
    "model": "Reaction",
    "dpi": "12.400",
    "sensor": "Óptico",
    "lighting": "LED RGB",
    "connectivity": "Wireless",
    "imgMain": "https://images2.kabum.com.br/produtos/fotos/518742/mouse-gamer-husky-reaction-rgb-12400-dpi-7-botoes-preto-hms100pt_1728071122_g.jpg",
    "thumbnails": [
      "https://images2.kabum.com.br/produtos/fotos/518742/mouse-gamer-husky-reaction-rgb-12400-dpi-7-botoes-preto-hms100pt_1728071122_g.jpg",
      "https://images2.kabum.com.br/produtos/fotos/518742/mouse-gamer-husky-reaction-rgb-12400-dpi-7-botoes-preto-hms100pt_1728071124_g.jpg",
      "https://images2.kabum.com.br/produtos/fotos/518742/mouse-gamer-husky-reaction-rgb-12400-dpi-7-botoes-preto-hms100pt_1728071123_g.jpg"
    ]
  }
]