[
    {
        "username": "thiago",
        "password": "9SmNm7WA"
    },
    {
        "username": "victor",
        "password": "qMFZf4dG"
    },
    {
        "username": "junior",
        "password": "VESaw7Je"
    },
    {
        "username": "fernan",
        "password": "lVYmvEvT"
    },
    {
        "username": "marcel",
        "password": "vFVT3ayH"
    },
    {
        "username": "erasmo",
        "password": "I0GsPvGg"
    },
    {
        "username": "marcos",
        "password": "TeTykKQI"
    }
]
